{
    "embed_lung": {
        "scib": {
            "Isolated labels": 0.5466254353523254,
            "KMeans NMI": 0.31626030420576734,
            "KMeans ARI": 0.15058158872636934,
            "Silhouette label": 0.41311825811862946,
            "cLISI": 0.9316383898258209,
            "Silhouette batch": 0.8920273780822754,
            "iLISI": 0.1176687240600586,
            "KBET": 0.3372743882277265,
            "Graph connectivity": 0.6319147966752406,
            "PCR comparison": 0,
            "Batch correction": 0.3957770574090603,
            "Bio conservation": 0.4716447952457825,
            "Total": 0.4412977001110936
        },
        "classif": {
            "cell_type_ontology_term_id": {
                "accuracy": 0.18619577687513567,
                "macro": 0.17157512486391469,
                "micro": 0.18619577687513567,
                "weighted": 0.1318487423087868
            },
            "organism_ontology_term_id": {
                "accuracy": 1.0,
                "macro": 1.0,
                "micro": 1.0,
                "weighted": 1.0
            }
        }
    }
}{
    "embed_panc": {
        "scib": {
            "Isolated labels": 0.5734894871711731,
            "KMeans NMI": 0.20081742322233415,
            "KMeans ARI": 0.09589427947971446,
            "Silhouette label": 0.4734988193958998,
            "cLISI": 0.9217486748328576,
            "Silhouette batch": 0.8773528933525085,
            "iLISI": 0.08524714410305023,
            "KBET": 0.20701244482382142,
            "Graph connectivity": 0.46797239505371413,
            "PCR comparison": 0,
            "Batch correction": 0.3275169754666189,
            "Bio conservation": 0.45308973682039577,
            "Total": 0.402860632278885
        },
        "classif": {
            "cell_type_ontology_term_id": {
                "accuracy": 0.11836161640825296,
                "macro": 0.1412559048761935,
                "micro": 0.11836161640825296,
                "weighted": 0.06221004622312013
            },
            "assay_ontology_term_id": {
                "accuracy": 0.12269564155780735,
                "macro": 0.1530686999568958,
                "micro": 0.12269564155780735,
                "weighted": 0.11114243651180351
            },
            "organism_ontology_term_id": {
                "accuracy": 1.0,
                "macro": 1.0,
                "micro": 1.0,
                "weighted": 1.0
            }
        }
    }
}{
    "grn_sroy": {
        "class_omni_liu_full": {
            "precision": 0.03094632492010696,
            "recall": 1.0,
            "rand_precision": 0.030952717468117723,
            "auprc": 0.03375259353746379,
            "epr": 1.3312211006047303
        },
        "class_self_liu_full": {
            "precision": 0.03094632492010696,
            "recall": 1.0,
            "rand_precision": 0.030952717468117723,
            "auprc": 0.01547316246005348,
            "epr": 0.23792046362283656,
            "classifier": {
                "used_heads": "0",
                "precision": NaN,
                "random_precision": 0.020348268440618274,
                "recall": 0.0,
                "predicted_true": 0.0,
                "number_of_true": 936.0,
                "epr": 0.050476707941319456
            }
        },
        "full_liu_full": {
            "precision": 0.03094632492010696,
            "recall": 1.0,
            "rand_precision": 0.030952717468117723,
            "auprc": 0.03208956798363715,
            "epr": 0.8429221091558754
        },
        "class_omni_liu_chip": {
            "precision": 0.2787394155307724,
            "recall": 1.0,
            "rand_precision": 0.27879699442263994,
            "auprc": 0.2816218212656761,
            "epr": 1.0390889823010823
        },
        "class_self_liu_chip": {
            "precision": 0.2787394155307724,
            "recall": 1.0,
            "rand_precision": 0.27879699442263994,
            "auprc": 0.1393697077653862,
            "epr": 1.3436670576375191,
            "classifier": {
                "used_heads": "0",
                "precision": NaN,
                "random_precision": 0.28384448574969023,
                "recall": 0.0,
                "predicted_true": 0.0,
                "number_of_true": 21990.0,
                "epr": 0.29208784892502027
            }
        },
        "full_liu_chip": {
            "precision": 0.2787394155307724,
            "recall": 1.0,
            "rand_precision": 0.27879699442263994,
            "auprc": 0.27433844125779105,
            "epr": 0.9336579354287853
        },
        "class_omni_duren_full": {
            "precision": 0.006052047609441194,
            "recall": 1.0,
            "rand_precision": 0.006053268765133172,
            "auprc": 0.006881603153008901,
            "epr": 1.8544375710137608
        },
        "class_self_duren_full": {
            "precision": 0.006052047609441194,
            "recall": 1.0,
            "rand_precision": 0.006053268765133172,
            "auprc": 0.003026023804720597,
            "epr": 1.8544375710137608,
            "classifier": {
                "used_heads": "0",
                "precision": NaN,
                "random_precision": 0.004101943379732365,
                "recall": 0.0,
                "predicted_true": 0.0,
                "number_of_true": 61.0,
                "epr": 0.0
            }
        },
        "full_duren_full": {
            "precision": 0.006052047609441194,
            "recall": 1.0,
            "rand_precision": 0.006053268765133172,
            "auprc": 0.006111147026851343,
            "epr": 1.8544375710137608
        },
        "class_omni_semrau_full": {
            "precision": 0.011162801851274549,
            "recall": 1.0,
            "rand_precision": 0.01116507765185585,
            "auprc": 0.011908639249531365,
            "epr": 1.3575132984258327
        },
        "class_self_semrau_full": {
            "precision": 0.011162801851274549,
            "recall": 1.0,
            "rand_precision": 0.01116507765185585,
            "auprc": 0.0055814009256372745,
            "epr": 2.067895181741336,
            "classifier": {
                "used_heads": "0",
                "precision": NaN,
                "random_precision": 0.0035730558020191363,
                "recall": 0.0,
                "predicted_true": 0.0,
                "number_of_true": 149.0,
                "epr": 1.8902483564645727
            }
        },
        "full_semrau_full": {
            "precision": 0.011162801851274549,
            "recall": 1.0,
            "rand_precision": 0.01116507765185585,
            "auprc": 0.011441010321661962,
            "epr": 0.9612008851258074
        }
    }
}{
    "grn_gwps": {
        "max_all": {
            "precision": 0.02072508763433421,
            "recall": 1.0,
            "rand_precision": 0.02072944989230818,
            "auprc": 0.024939616019137356,
            "epr": 1.8800038725728383
        },
        "class_self": {
            "precision": 0.02072508763433421,
            "recall": 1.0,
            "rand_precision": 0.02072944989230818,
            "auprc": 0.04861473848411424,
            "epr": 5.104556678739458,
            "classifier": {
                "used_heads": "29",
                "precision": 0.09334076637460424,
                "random_precision": 0.02150860776716941,
                "recall": 0.11893449489026638,
                "predicted_true": "190142",
                "number_of_true": "149225",
                "epr": 5.405567441798146
            }
        },
        "class_omni": {
            "precision": 0.02072508763433421,
            "recall": 1.0,
            "rand_precision": 0.02072944989230818,
            "auprc": 0.03505953316655795,
            "epr": 3.288374495317399,
            "classifier": {
                "used_heads": "22",
                "precision": 0.015873015873015872,