{
    "embed_lung": {
        "scib": {
            "Isolated labels": 0.5048319101333618,
            "KMeans NMI": 0.2928655988680604,
            "KMeans ARI": 0.1397324444739656,
            "Silhouette label": 0.4241737201809883,
            "cLISI": 0.8846331685781479,
            "Silhouette batch": 0.9509217739105225,
            "iLISI": 0.14995690981547039,
            "KBET": 0.41436538955323765,
            "Graph connectivity": 0.3808372956530654,
            "PCR comparison": 0,
            "Batch correction": 0.3792162737864592,
            "Bio conservation": 0.4492473684469048,
            "Total": 0.42123493058272654
        },
        "classif": {
            "cell_type_ontology_term_id": {
                "accuracy": 0.07543952125515488,
                "macro": 0.0625,
                "micro": 0.07543952125515488,
                "weighted": 0.07543952125515488
            },
            "organism_ontology_term_id": {
                "accuracy": 0.0,
                "macro": 0.0,
                "micro": 0.0,
                "weighted": 0.0
            }
        }
    }
}{
    "embed_panc": {
        "scib": {
            "Isolated labels": 0.5946605801582336,
            "KMeans NMI": 0.07408626286051004,
            "KMeans ARI": 0.02935498956456121,
            "Silhouette label": 0.4743489194661379,
            "cLISI": 0.8783700282757099,
            "Silhouette batch": 0.9436230063438416,
            "iLISI": 0.16724571585655212,
            "KBET": 0.14502249027956388,
            "Graph connectivity": 0.30060732571705895,
            "PCR comparison": 0.2134176913003593,
            "Batch correction": 0.35398324589947516,
            "Bio conservation": 0.41016415606503054,
            "Total": 0.3876917919988084
        },
        "classif": {
            "cell_type_ontology_term_id": {
                "accuracy": 0.10188011231839825,
                "macro": 0.07142857142857142,
                "micro": 0.10188011231839825,
                "weighted": 0.10188011231839825
            },
            "assay_ontology_term_id": {
                "accuracy": 0.0,
                "macro": 0.0,
                "micro": 0.0,
                "weighted": 0.0
            },
            "organism_ontology_term_id": {
                "accuracy": 0.0,
                "macro": 0.0,
                "micro": 0.0,
                "weighted": 0.0
            }
        }
    }
}{
    "grn_sroy": {
        "class_omni_liu_full": {
            "precision": 0.03094632492010696,
            "recall": 1.0,
            "rand_precision": 0.030952717468117723,
            "auprc": 0.01547316246005348,
            "epr": 0.23792046362283656
        },
        "class_self_liu_full": {
            "precision": 0.03094632492010696,
            "recall": 1.0,
            "rand_precision": 0.030952717468117723,
            "auprc": 0.01547316246005348,
            "epr": 0.23792046362283656,
            "classifier": {
                "used_heads": "0",
                "precision": NaN,
                "random_precision": 0.020348268440618274,
                "recall": 0.0,
                "predicted_true": 0.0,
                "number_of_true": 936.0,
                "epr": 0.050476707941319456
            }
        },
        "full_liu_full": {
            "precision": 0.03094632492010696,
            "recall": 1.0,
            "rand_precision": 0.030952717468117723,
            "auprc": 0.030583943381226393,
            "epr": 0.8547875799267065
        },
        "class_omni_liu_chip": {
            "precision": 0.2787394155307724,
            "recall": 1.0,
            "rand_precision": 0.27879699442263994,
            "auprc": 0.1393697077653862,
            "epr": 1.3436670576375191
        },
        "class_self_liu_chip": {
            "precision": 0.2787394155307724,
            "recall": 1.0,
            "rand_precision": 0.27879699442263994,
            "auprc": 0.1393697077653862,
            "epr": 1.3436670576375191,
            "classifier": {
                "used_heads": "0",
                "precision": NaN,
                "random_precision": 0.28384448574969023,
                "recall": 0.0,
                "predicted_true": 0.0,
                "number_of_true": 21990.0,
                "epr": 0.29208784892502027
            }
        },
        "full_liu_chip": {
            "precision": 0.2787394155307724,
            "recall": 1.0,
            "rand_precision": 0.27879699442263994,
            "auprc": 0.2817008593292488,
            "epr": 1.0155908389339425
        },
        "class_omni_duren_full": {
            "precision": 0.006052047609441194,
            "recall": 1.0,
            "rand_precision": 0.006053268765133172,
            "auprc": 0.003026023804720597,
            "epr": 1.8544375710137608
        },
        "class_self_duren_full": {
            "precision": 0.006052047609441194,
            "recall": 1.0,
            "rand_precision": 0.006053268765133172,
            "auprc": 0.003026023804720597,
            "epr": 1.8544375710137608,
            "classifier": {
                "used_heads": "0",
                "precision": NaN,
                "random_precision": 0.004101943379732365,
                "recall": 0.0,
                "predicted_true": 0.0,
                "number_of_true": 61.0,
                "epr": 0.0
            }
        },
        "full_duren_full": {
            "precision": 0.006052047609441194,
            "recall": 1.0,
            "rand_precision": 0.006053268765133172,
            "auprc": 0.005681626659310211,
            "epr": 0.0
        },
        "class_omni_semrau_full": {
            "precision": 0.011162801851274549,
            "recall": 1.0,
            "rand_precision": 0.01116507765185585,
            "auprc": 0.0055814009256372745,
            "epr": 2.067895181741336
        },
        "class_self_semrau_full": {
            "precision": 0.011162801851274549,
            "recall": 1.0,
            "rand_precision": 0.01116507765185585,
            "auprc": 0.0055814009256372745,
            "epr": 2.067895181741336,
            "classifier": {
                "used_heads": "0",
                "precision": NaN,
                "random_precision": 0.0035730558020191363,
                "recall": 0.0,
                "predicted_true": 0.0,
                "number_of_true": 149.0,
                "epr": 1.8902483564645727
            }
        },
        "full_semrau_full": {
            "precision": 0.011162801851274549,
            "recall": 1.0,
            "rand_precision": 0.01116507765185585,
            "auprc": 0.011293934074601095,
            "epr": 0.8631946960535665
        }
    }
}{
    "grn_gwps": {
        "max_all": {
            "precision": 0.02072508763433421,
            "recall": 1.0,
            "rand_precision": 0.02072944989230818,
            "auprc": 0.0207976681902782,
            "epr": 0.9831603705286476
        },
        "class_self": {
            "precision": 0.02072508763433421,
            "recall": 1.0,
            "rand_precision": 0.02072944989230818,
            "auprc": 0.02128023729496146,
            "epr": 1.0760931205865887,
            "classifier": {
                "used_heads": "2",
                "precision": NaN,
                "random_precision": 0.02150860776716941,
                "recall": 0.0,
                "predicted_true": "0",
                "number_of_true": "149225",
                "epr": 1.0411960609002266
            }
        },
        "class_omni": {
            "precision": 0.02072508763433421,
            "recall": 1.0,
            "rand_precision": 0.02072944989230818,
            "auprc": 0.010362543817167105,
            "epr": 1.0527064430580901,
            "classifier": {
                "used_heads": "0",
                "precision": NaN,
                "random_precision": 0.001610562441384053,
                "recall": 0.0,
                "predicted_true": 0.0,