{
    "embed_lung": {
        "scib": {
            "Isolated labels": 0.590112566947937,
            "KMeans NMI": 0.36675351032155273,
            "KMeans ARI": 0.1685517181764541,
            "Silhouette label": 0.4480101205408573,
            "cLISI": 0.9444637969136238,
            "Silhouette batch": 0.915508508682251,
            "iLISI": 0.08550273577372233,
            "KBET": 0.27115934599412955,
            "Graph connectivity": 0.6374036064112207,
            "PCR comparison": 0,
            "Batch correction": 0.3819148393722647,
            "Bio conservation": 0.503578342580085,
            "Total": 0.4549129412969569
        },
        "classif": {
            "cell_type_ontology_term_id": {
                "accuracy": 0.2713714303432452,
                "macro": 0.21779561654936158,
                "micro": 0.2713714303432452,
                "weighted": 0.18991190545050515
            },
            "organism_ontology_term_id": {
                "accuracy": 1.0,
                "macro": 1.0,
                "micro": 1.0,
                "weighted": 1.0
            }
        }
    }
}