{
    "embed_lung": {
        "scib": {
            "Isolated labels": 0.5459273457527161,
            "KMeans NMI": 0.16416501523931157,
            "KMeans ARI": 0.04641875540699466,
            "Silhouette label": 0.3414080739021301,
            "cLISI": 0.8764846622943878,
            "Silhouette batch": 0.7998433709144592,
            "iLISI": 0.11794681549072265,
            "KBET": 0.2763860050075801,
            "Graph connectivity": 0.30920502521616033,
            "PCR comparison": 0,
            "Batch correction": 0.30067624332578446,
            "Bio conservation": 0.3948807705191081,
            "Total": 0.3571989596417786
        },
        "classif": {
            "cell_type_ontology_term_id": {
                "accuracy": 0.009829152584415987,
                "macro": 0.02109702949930982,
                "micro": 0.009829152584415987,
                "weighted": 0.0015240314176390058
            },
            "organism_ontology_term_id": {
                "accuracy": 0.9997829524665902,
                "macro": 0.49994573222730443,
                "micro": 0.9997829524665902,
                "weighted": 0.9996744404785715
            }
        }
    }
}{
    "embed_panc": {
        "scib": {
            "Isolated labels": 0.5238788723945618,
            "KMeans NMI": 0.08645835629695074,
            "KMeans ARI": 0.023607373888521768,
            "Silhouette label": 0.44374924153089523,
            "cLISI": 0.8961710563072791,
            "Silhouette batch": 0.8668093085289001,
            "iLISI": 0.07477140426635742,
            "KBET": 0.13805308859293447,
            "Graph connectivity": 0.36652006945976323,
            "PCR comparison": 0,
            "Batch correction": 0.2892307741695911,
            "Bio conservation": 0.39477298008364176,
            "Total": 0.3525560977180215
        },
        "classif": {
            "cell_type_ontology_term_id": {
                "accuracy": 0.0017091930167256746,
                "macro": 0.061639964450613524,
                "micro": 0.0017091930167256746,
                "weighted": 0.0002786484097811565
            },
            "assay_ontology_term_id": {
                "accuracy": 0.08314003174215602,
                "macro": 0.12087326943556975,
                "micro": 0.08314003174215602,
                "weighted": 0.06029644474590868
            },
            "organism_ontology_term_id": {
                "accuracy": 0.9999389573922598,
                "macro": 0.49998473888227574,
                "micro": 0.9999389573922598,
                "weighted": 0.9999084370199681
            }
        }
    }
}{
    "grn_sroy": {
        "class_omni_liu_full": {
            "precision": 0.03094632492010696,
            "recall": 1.0,
            "rand_precision": 0.030952717468117723,
            "auprc": 0.031655951710088115,
            "epr": 0.8904871738113536
        },
        "class_self_liu_full": {
            "precision": 0.03094632492010696,
            "recall": 1.0,
            "rand_precision": 0.030952717468117723,
            "auprc": 0.01549421484005094,
            "epr": 1.1570807621123012,
            "classifier": {
                "used_heads": "3",
                "precision": 0.020355791396633464,
                "random_precision": 0.020348268440618274,
                "recall": 1.0,
                "predicted_true": 45982.0,
                "number_of_true": 936.0,
                "epr": 1.0523016342175016
            }
        },
        "full_liu_full": {
            "precision": 0.03094632492010696,
            "recall": 1.0,
            "rand_precision": 0.030952717468117723,
            "auprc": 0.030676435293272908,
            "epr": 0.6322495856939145
        },
        "class_omni_liu_chip": {
            "precision": 0.2787394155307724,
            "recall": 1.0,
            "rand_precision": 0.27879699442263994,
            "auprc": 0.28289271234577235,
            "epr": 1.2237863849112334
        },
        "class_self_liu_chip": {
            "precision": 0.2787394155307724,
            "recall": 1.0,
            "rand_precision": 0.27879699442263994,
            "auprc": 0.13978596076442812,
            "epr": 1.2403001969484324,
            "classifier": {
                "used_heads": "8",
                "precision": 0.2838828784631671,
                "random_precision": 0.28384448574969023,
                "recall": 0.9999545247839927,
                "predicted_true": 77458.0,
                "number_of_true": 21990.0,
                "epr": 1.0221447152063874
            }
        },
        "full_liu_chip": {
            "precision": 0.2787394155307724,
            "recall": 1.0,
            "rand_precision": 0.27879699442263994,
            "auprc": 0.2571203141670692,
            "epr": 0.8034674236089514
        },
        "class_omni_liu_ko": {
            "precision": 0.05674777514926214,
            "recall": 1.0,
            "rand_precision": 0.05675949747422584,
            "auprc": 0.0572238807271835,
            "epr": 1.1516451878788885
        },
        "class_self_liu_ko": {
            "precision": 0.05674777514926214,
            "recall": 1.0,
            "rand_precision": 0.05675949747422584,
            "auprc": 0.07097705826732928,
            "epr": 1.4984935039117617,
            "classifier": {
                "used_heads": "13",
                "precision": 0.05879000438404209,
                "random_precision": 0.058753582917151694,
                "recall": 0.999893481039625,
                "predicted_true": 159670.0,
                "number_of_true": 9388.0,
                "epr": 1.4948447599176944
            }
        },
        "full_liu_ko": {
            "precision": 0.05674777514926214,
            "recall": 1.0,
            "rand_precision": 0.05675949747422584,
            "auprc": 0.061866069175913696,
            "epr": 1.0336064001509147
        },
        "class_omni_chen_full": {
            "precision": 0.017410924132744195,
            "recall": 1.0,
            "rand_precision": 0.01741452589611464,
            "auprc": 0.017017433886533723,
            "epr": 0.9919188503803889
        },
        "class_self_chen_full": {
            "precision": 0.017410924132744195,
            "recall": 1.0,
            "rand_precision": 0.01741452589611464,
            "auprc": 0.03831036476748248,
            "epr": 1.2509685247723052,
            "classifier": {
                "used_heads": "3",
                "precision": 0.0021442275138246246,
                "random_precision": 0.00214342120106795,
                "recall": 1.0,
                "predicted_true": 26583.0,
                "number_of_true": 57.0,
                "epr": 8.443877551020408
            }
        },
        "full_chen_full": {
            "precision": 0.017410924132744195,
            "recall": 1.0,
            "rand_precision": 0.01741452589611464,
            "auprc": 0.0178915653817618,
            "epr": 1.12087368278057
        },
        "class_omni_duren_full": {
            "precision": 0.006052047609441194,
            "recall": 1.0,
            "rand_precision": 0.006053268765133172,
            "auprc": 0.0043463697477965635,
            "epr": 0.0
        },
        "class_self_duren_full": {
            "precision": 0.006052047609441194,
            "recall": 1.0,
            "rand_precision": 0.006053268765133172,
            "auprc": 0.003026023804720597,
            "epr": 1.8544375710137608,
            "classifier": {
                "used_heads": "0",
                "precision": NaN,
                "random_precision": 0.004101943379732365,
                "recall": 0.0,
                "predicted_true": 0.0,
                "number_of_true": 61.0,
                "epr": 0.0
            }
        },
        "full_duren_full": {
            "precision": 0.006052047609441194,
            "recall": 1.0,
            "rand_precision": 0.006053268765133172,
            "auprc": 0.00533436024782251,