{
    "embed_lung": {
        "scib": {
            "Isolated labels": 0.5654973983764648,
            "KMeans NMI": 0.26384666543818724,
            "KMeans ARI": 0.11549007227640096,
            "Silhouette label": 0.4085865840315819,
            "cLISI": 0.9136633723974228,
            "Silhouette batch": 0.8770599961280823,
            "iLISI": 0.12480753262837728,
            "KBET": 0.3225683389357722,
            "Graph connectivity": 0.5065510553280289,
            "PCR comparison": 0,
            "Batch correction": 0.3661973846040521,
            "Bio conservation": 0.4534168185040116,
            "Total": 0.4185290449440278
        },
        "classif": {
            "cell_type_ontology_term_id": {
                "accuracy": 0.0888654615360764,
                "macro": 0.06963568498352382,
                "micro": 0.0888654615360764,
                "weighted": 0.07562332572407734
            },
            "organism_ontology_term_id": {
                "accuracy": 1.0,
                "macro": 1.0,
                "micro": 1.0,
                "weighted": 1.0
            }
        }
    }
}