{
    "embed_lung": {
        "scib": {
            "Isolated labels": 0.5585898756980896,
            "KMeans NMI": 0.16471407984395184,
            "KMeans ARI": 0.055741390242399824,
            "Silhouette label": 0.34978118538856506,
            "cLISI": 0.890908733010292,
            "Silhouette batch": 0.8107782006263733,
            "iLISI": 0.10935462315877278,
            "KBET": 0.28106801178927365,
            "Graph connectivity": 0.35571631442710333,
            "PCR comparison": 0,
            "Batch correction": 0.3113834300003046,
            "Bio conservation": 0.40394705283665966,
            "Total": 0.3669216037021176
        },
        "classif": {
            "cell_type_ontology_term_id": {
                "accuracy": 0.010108213698800037,
                "macro": 0.024590747241780432,
                "micro": 0.010108213698800037,
                "weighted": 0.003059229974943493
            },
            "organism_ontology_term_id": {
                "accuracy": 1.0,
                "macro": 1.0,
                "micro": 1.0,
                "weighted": 1.0
            }
        }
    }
}{
    "embed_panc": {
        "scib": {
            "Isolated labels": 0.5712867975234985,
            "KMeans NMI": 0.14463173125524567,
            "KMeans ARI": 0.04732159601397258,
            "Silhouette label": 0.4450751096010208,
            "cLISI": 0.9004116425147424,
            "Silhouette batch": 0.8247191309928894,
            "iLISI": 0.0833469033241272,
            "KBET": 0.06555465550048602,
            "Graph connectivity": 0.3746742261973556,
            "PCR comparison": 0,
            "Batch correction": 0.26965898320297166,
            "Bio conservation": 0.421745375381696,
            "Total": 0.36091081851020623
        },
        "classif": {
            "cell_type_ontology_term_id": {
                "accuracy": 0.003967769503113173,
                "macro": 0.09564593526042442,
                "micro": 0.003967769503113173,
                "weighted": 0.001496827023569341
            },
            "assay_ontology_term_id": {
                "accuracy": 0.10694664876083507,
                "macro": 0.14085865894838398,
                "micro": 0.10694664876083507,
                "weighted": 0.09038616914085047
            },
            "organism_ontology_term_id": {
                "accuracy": 1.0,
                "macro": 1.0,
                "micro": 1.0,
                "weighted": 1.0
            }
        }
    }
}{
    "grn_sroy": {
        "class_omni_liu_full": {
            "precision": 0.03094632492010696,
            "recall": 1.0,
            "rand_precision": 0.030952717468117723,
            "auprc": 0.032153529155573894,
            "epr": 1.0957419270954114
        },
        "class_self_liu_full": {
            "precision": 0.03094632492010696,
            "recall": 1.0,
            "rand_precision": 0.030952717468117723,
            "auprc": 0.01547316246005348,
            "epr": 0.23792046362283656,
            "classifier": {
                "used_heads": "0",
                "precision": NaN,
                "random_precision": 0.020348268440618274,
                "recall": 0.0,
                "predicted_true": 0.0,
                "number_of_true": 936.0,
                "epr": 0.050476707941319456
            }
        },
        "full_liu_full": {
            "precision": 0.03094632492010696,
            "recall": 1.0,
            "rand_precision": 0.030952717468117723,
            "auprc": 0.031666240526300515,
            "epr": 0.9743917222355516
        },
        "class_omni_liu_chip": {
            "precision": 0.2787394155307724,
            "recall": 1.0,
            "rand_precision": 0.27879699442263994,
            "auprc": 0.28947583318691816,
            "epr": 1.03284569350325
        },
        "class_self_liu_chip": {
            "precision": 0.2787394155307724,
            "recall": 1.0,
            "rand_precision": 0.27879699442263994,
            "auprc": 0.1393697077653862,
            "epr": 1.3436670576375191,
            "classifier": {
                "used_heads": "0",
                "precision": NaN,
                "random_precision": 0.28384448574969023,
                "recall": 0.0,
                "predicted_true": 0.0,
                "number_of_true": 21990.0,
                "epr": 0.29208784892502027
            }
        },
        "full_liu_chip": {
            "precision": 0.2787394155307724,
            "recall": 1.0,
            "rand_precision": 0.27879699442263994,
            "auprc": 0.26678658598322114,
            "epr": 0.8798845657168844
        },
        "class_omni_duren_full": {
            "precision": 0.006052047609441194,
            "recall": 1.0,
            "rand_precision": 0.006053268765133172,
            "auprc": 0.0048061808885809226,
            "epr": 0.0
        },
        "class_self_duren_full": {
            "precision": 0.006052047609441194,
            "recall": 1.0,
            "rand_precision": 0.006053268765133172,
            "auprc": 0.003026023804720597,
            "epr": 1.8544375710137608,
            "classifier": {
                "used_heads": "0",
                "precision": NaN,
                "random_precision": 0.004101943379732365,
                "recall": 0.0,
                "predicted_true": 0.0,
                "number_of_true": 61.0,
                "epr": 0.0
            }
        },
        "full_duren_full": {
            "precision": 0.006052047609441194,
            "recall": 1.0,
            "rand_precision": 0.006053268765133172,
            "auprc": 0.005342375696752451,
            "epr": 0.9168565275740458
        },
        "class_omni_semrau_full": {
            "precision": 0.011162801851274549,
            "recall": 1.0,
            "rand_precision": 0.01116507765185585,
            "auprc": 0.011829556391569773,
            "epr": 1.2577878403842777
        },
        "class_self_semrau_full": {
            "precision": 0.011162801851274549,
            "recall": 1.0,
            "rand_precision": 0.01116507765185585,
            "auprc": 0.0055814009256372745,
            "epr": 2.067895181741336,
            "classifier": {
                "used_heads": "0",
                "precision": NaN,
                "random_precision": 0.0035730558020191363,
                "recall": 0.0,
                "predicted_true": 0.0,
                "number_of_true": 149.0,
                "epr": 1.8902483564645727
            }
        },
        "full_semrau_full": {
            "precision": 0.011162801851274549,
            "recall": 1.0,
            "rand_precision": 0.01116507765185585,
            "auprc": 0.010605246059042691,
            "epr": 0.668454020726748
        }
    }
}{
    "grn_gwps": {
        "max_all": {
            "precision": 0.02072508763433421,
            "recall": 1.0,
            "rand_precision": 0.02072944989230818,
            "auprc": 0.024739660929993752,
            "epr": 2.2037905212831963
        },
        "class_self": {
            "precision": 0.02072508763433421,
            "recall": 1.0,
            "rand_precision": 0.02072944989230818,
            "auprc": 0.03468472274013101,
            "epr": 3.579103036659462,
            "classifier": {
                "used_heads": "27",
                "precision": 0.06747302493666166,
                "random_precision": 0.02150860776716941,
                "recall": 0.07031663595242084,
                "predicted_true": "155514",
                "number_of_true": "149225",
                "epr": 3.5092512039154693
            }
        },
        "class_omni": {
            "precision": 0.02072508763433421,
            "recall": 1.0,
            "rand_precision": 0.02072944989230818,
            "auprc": 0.028778319579325563,
            "epr": 2.255765750353135,
            "classifier": {
                "used_heads": "20",
                "precision": 0.0,