{
    "embed_lung": {
        "scib": {
            "Isolated labels": 0.5404679179191589,
            "KMeans NMI": 0.16310227171659308,
            "KMeans ARI": 0.05073838423807594,
            "Silhouette label": 0.3281894475221634,
            "cLISI": 0.8649147003889084,
            "Silhouette batch": 0.7780713438987732,
            "iLISI": 0.12492764790852864,
            "KBET": 0.23380313423294752,
            "Graph connectivity": 0.2701280212173826,
            "PCR comparison": 0,
            "Batch correction": 0.28138602945152635,
            "Bio conservation": 0.38948254435697993,
            "Total": 0.3462439383947985
        },
        "classif": {
            "cell_type_ontology_term_id": {
                "accuracy": 0.014666211900406189,
                "macro": 0.030932559376107765,
                "micro": 0.014666211900406189,
                "weighted": 0.003908510073596228
            },
            "organism_ontology_term_id": {
                "accuracy": 1.0,
                "macro": 1.0,
                "micro": 1.0,
                "weighted": 1.0
            }
        }
    }
}{
    "embed_panc": {
        "scib": {
            "Isolated labels": 0.49300557374954224,
            "KMeans NMI": 0.0762229202223094,
            "KMeans ARI": 0.02005192642110804,
            "Silhouette label": 0.42744773626327515,
            "cLISI": 0.880913624396691,
            "Silhouette batch": 0.8342399597167969,
            "iLISI": 0.09068736433982849,
            "KBET": 0.012098222613180446,
            "Graph connectivity": 0.3369630113514693,
            "PCR comparison": 0,
            "Batch correction": 0.254797711604255,
            "Bio conservation": 0.3795283562105851,
            "Total": 0.3296360983680531
        },
        "classif": {
            "cell_type_ontology_term_id": {
                "accuracy": 0.0006714686851422292,
                "macro": 0.043538631910724934,
                "micro": 0.0006714686851422292,
                "weighted": 0.00011453587925779468
            },
            "assay_ontology_term_id": {
                "accuracy": 0.10401660358930534,
                "macro": 0.1386041971693509,
                "micro": 0.10401660358930534,
                "weighted": 0.08650282699666974
            },
            "organism_ontology_term_id": {
                "accuracy": 1.0,
                "macro": 1.0,
                "micro": 1.0,
                "weighted": 1.0
            }
        }
    }
}{
    "grn_sroy": {
        "class_omni_liu_full": {
            "precision": 0.03094632492010696,
            "recall": 1.0,
            "rand_precision": 0.030952717468117723,
            "auprc": 0.03456450243806034,
            "epr": 1.010612150242869
        },
        "class_self_liu_full": {
            "precision": 0.03094632492010696,
            "recall": 1.0,
            "rand_precision": 0.030952717468117723,
            "auprc": 0.03586445623808826,
            "epr": 1.0957419270954114,
            "classifier": {
                "used_heads": "5",
                "precision": 0.02035667681600696,
                "random_precision": 0.020348268440618274,
                "recall": 1.0,
                "predicted_true": 45980.0,
                "number_of_true": 936.0,
                "epr": 1.1073582370330557
            }
        },
        "full_liu_full": {
            "precision": 0.03094632492010696,
            "recall": 1.0,
            "rand_precision": 0.030952717468117723,
            "auprc": 0.031493273311949906,
            "epr": 1.0835275190981613
        },
        "class_omni_liu_chip": {
            "precision": 0.2787394155307724,
            "recall": 1.0,
            "rand_precision": 0.27879699442263994,
            "auprc": 0.31892929857246716,
            "epr": 1.4599638423570058
        },
        "class_self_liu_chip": {
            "precision": 0.2787394155307724,
            "recall": 1.0,
            "rand_precision": 0.27879699442263994,
            "auprc": 0.40580215211297616,
            "epr": 1.189291263637079,
            "classifier": {
                "used_heads": "9",
                "precision": 0.2839122014202711,
                "random_precision": 0.28384448574969023,
                "recall": 0.9999545247839927,
                "predicted_true": 77450.0,
                "number_of_true": 21990.0,
                "epr": 0.9848684572421504
            }
        },
        "full_liu_chip": {
            "precision": 0.2787394155307724,
            "recall": 1.0,
            "rand_precision": 0.27879699442263994,
            "auprc": 0.26393664410253,
            "epr": 0.8348972441409102
        },
        "class_omni_liu_ko": {
            "precision": 0.05674777514926214,
            "recall": 1.0,
            "rand_precision": 0.05675949747422584,
            "auprc": 0.06071808312793296,
            "epr": 1.0534446148610574
        },
        "class_self_liu_ko": {
            "precision": 0.05674777514926214,
            "recall": 1.0,
            "rand_precision": 0.05675949747422584,
            "auprc": 0.0709574930274618,
            "epr": 1.4803864089550187,
            "classifier": {
                "used_heads": "16",
                "precision": 0.05882869105222253,
                "random_precision": 0.058753582917151694,
                "recall": 0.9997869620792501,
                "predicted_true": 159548.0,
                "number_of_true": 9388.0,
                "epr": 1.4473636416587625
            }
        },
        "full_liu_ko": {
            "precision": 0.05674777514926214,
            "recall": 1.0,
            "rand_precision": 0.05675949747422584,
            "auprc": 0.062017426840854775,
            "epr": 1.120179447134923
        },
        "class_omni_chen_full": {
            "precision": 0.017410924132744195,
            "recall": 1.0,
            "rand_precision": 0.01741452589611464,
            "auprc": 0.01759590819300203,
            "epr": 0.6744459374720058
        },
        "class_self_chen_full": {
            "precision": 0.017410924132744195,
            "recall": 1.0,
            "rand_precision": 0.01741452589611464,
            "auprc": 0.008711030836672875,
            "epr": 0.3638563327032136,
            "classifier": {
                "used_heads": "2",
                "precision": 0.0021442275138246246,
                "random_precision": 0.00214342120106795,
                "recall": 1.0,
                "predicted_true": 26583.0,
                "number_of_true": 57.0,
                "epr": 0.0
            }
        },
        "full_chen_full": {
            "precision": 0.017410924132744195,
            "recall": 1.0,
            "rand_precision": 0.01741452589611464,
            "auprc": 0.017967511608573766,
            "epr": 0.6744459374720058
        },
        "class_omni_duren_full": {
            "precision": 0.006052047609441194,
            "recall": 1.0,
            "rand_precision": 0.006053268765133172,
            "auprc": 0.006583219080307591,
            "epr": 0.0
        },
        "class_self_duren_full": {
            "precision": 0.006052047609441194,
            "recall": 1.0,
            "rand_precision": 0.006053268765133172,
            "auprc": 0.003026023804720597,
            "epr": 1.8544375710137608,
            "classifier": {
                "used_heads": "0",
                "precision": NaN,
                "random_precision": 0.004101943379732365,
                "recall": 0.0,
                "predicted_true": 0.0,
                "number_of_true": 61.0,
                "epr": 0.0
            }
        },
        "full_duren_full": {
            "precision": 0.006052047609441194,
            "recall": 1.0,
            "rand_precision": 0.006053268765133172,
            "auprc": 0.005193673723023146,
            "epr": 0.0
        },
        "class_omni_semrau_full": {
            "precision": 0.011162801851274549,