{
    "embed_lung": {
        "scib": {
            "Isolated labels": 0.5532589554786682,
            "KMeans NMI": 0.17396274677535375,
            "KMeans ARI": 0.04826308081136779,
            "Silhouette label": 0.35202115774154663,
            "cLISI": 0.8906091749668121,
            "Silhouette batch": 0.8466672301292419,
            "iLISI": 0.10793819427490234,
            "KBET": 0.2806110731048249,
            "Graph connectivity": 0.3513024078491503,
            "PCR comparison": 0,
            "Batch correction": 0.3173037810716239,
            "Bio conservation": 0.40362302315474974,
            "Total": 0.3690953263214994
        },
        "classif": {
            "cell_type_ontology_term_id": {
                "accuracy": 0.0985395801680568,
                "macro": 0.09523193869933709,
                "micro": 0.0985395801680568,
                "weighted": 0.07695010211022289
            },
            "organism_ontology_term_id": {
                "accuracy": 0.9985426808471055,
                "macro": 0.4996354045458071,
                "micro": 0.9985426808471055,
                "weighted": 0.9978145526025967
            }
        }
    }
}{
    "embed_panc": {
        "scib": {
            "Isolated labels": 0.5398383736610413,
            "KMeans NMI": 0.1003194755910627,
            "KMeans ARI": 0.03307982664504489,
            "Silhouette label": 0.4630987010896206,
            "cLISI": 0.8957819571861854,
            "Silhouette batch": 0.880484938621521,
            "iLISI": 0.07393695414066315,
            "KBET": 0.13268521513981554,
            "Graph connectivity": 0.36441004698918883,
            "PCR comparison": 0,
            "Batch correction": 0.2903034309782377,
            "Bio conservation": 0.40642366683459097,
            "Total": 0.35997557249204964
        },
        "classif": {
            "cell_type_ontology_term_id": {
                "accuracy": 0.020998657062629714,
                "macro": 0.07185577766755502,
                "micro": 0.020998657062629714,
                "weighted": 0.003995595897461797
            },
            "assay_ontology_term_id": {
                "accuracy": 0.07642534489073373,
                "macro": 0.11446333881879685,
                "micro": 0.07642534489073373,
                "weighted": 0.05248740087942876
            },
            "organism_ontology_term_id": {
                "accuracy": 0.9999389573922598,
                "macro": 0.49998473888227574,
                "micro": 0.9999389573922598,
                "weighted": 0.9999084370199681
            }
        }
    }
}{
    "grn_sroy": {
        "class_omni_liu_full": {
            "precision": 0.03094632492010696,
            "recall": 1.0,
            "rand_precision": 0.030952717468117723,
            "auprc": 0.033239261178218175,
            "epr": 1.1940985498632453
        },
        "class_self_liu_full": {
            "precision": 0.03094632492010696,
            "recall": 1.0,
            "rand_precision": 0.030952717468117723,
            "auprc": 0.015490674037477965,
            "epr": 0.460818820479091,
            "classifier": {
                "used_heads": "2",
                "precision": 0.020356234096692113,
                "random_precision": 0.020348268440618274,
                "recall": 1.0,
                "predicted_true": 45981.0,
                "number_of_true": 936.0,
                "epr": 0.10117199858773253
            }
        },
        "full_liu_full": {
            "precision": 0.03094632492010696,
            "recall": 1.0,
            "rand_precision": 0.030952717468117723,
            "auprc": 0.029961441777545304,
            "epr": 0.7603424698242525
        },
        "class_omni_liu_chip": {
            "precision": 0.2787394155307724,
            "recall": 1.0,
            "rand_precision": 0.27879699442263994,
            "auprc": 0.3011697302501171,
            "epr": 1.417815983250047
        },
        "class_self_liu_chip": {
            "precision": 0.2787394155307724,
            "recall": 1.0,
            "rand_precision": 0.27879699442263994,
            "auprc": 0.2986782431125999,
            "epr": 1.4064904882073215,
            "classifier": {
                "used_heads": "7",
                "precision": 0.2838828784631671,
                "random_precision": 0.28384448574969023,
                "recall": 0.9999545247839927,
                "predicted_true": 77458.0,
                "number_of_true": 21990.0,
                "epr": 1.2302588007872293
            }
        },
        "full_liu_chip": {
            "precision": 0.2787394155307724,
            "recall": 1.0,
            "rand_precision": 0.27879699442263994,
            "auprc": 0.25805015281035953,
            "epr": 0.788223439952098
        },
        "class_omni_liu_ko": {
            "precision": 0.05674777514926214,
            "recall": 1.0,
            "rand_precision": 0.05675949747422584,
            "auprc": 0.054542792412293255,
            "epr": 1.0446173087870279
        },
        "class_self_liu_ko": {
            "precision": 0.05674777514926214,
            "recall": 1.0,
            "rand_precision": 0.05675949747422584,
            "auprc": 0.0710046975639703,
            "epr": 1.5118130020758285,
            "classifier": {
                "used_heads": "12",
                "precision": 0.0587947913339221,
                "random_precision": 0.058753582917151694,
                "recall": 0.999893481039625,
                "predicted_true": 159657.0,
                "number_of_true": 9388.0,
                "epr": 1.5130534614181035
            }
        },
        "full_liu_ko": {
            "precision": 0.05674777514926214,
            "recall": 1.0,
            "rand_precision": 0.05675949747422584,
            "auprc": 0.0601322245869539,
            "epr": 1.0116617381953008
        },
        "class_omni_chen_full": {
            "precision": 0.017410924132744195,
            "recall": 1.0,
            "rand_precision": 0.01741452589611464,
            "auprc": 0.026294552473879056,
            "epr": 1.7154433117504184
        },
        "class_self_chen_full": {
            "precision": 0.017410924132744195,
            "recall": 1.0,
            "rand_precision": 0.01741452589611464,
            "auprc": 0.025390315507607147,
            "epr": 0.4254316739702638,
            "classifier": {
                "used_heads": "4",
                "precision": 0.00214390491593636,
                "random_precision": 0.00214342120106795,
                "recall": 1.0,
                "predicted_true": 26587.0,
                "number_of_true": 57.0,
                "epr": 0.0
            }
        },
        "full_chen_full": {
            "precision": 0.017410924132744195,
            "recall": 1.0,
            "rand_precision": 0.01741452589611464,
            "auprc": 0.017304971139518382,
            "epr": 1.185777895554483
        },
        "class_omni_duren_full": {
            "precision": 0.006052047609441194,
            "recall": 1.0,
            "rand_precision": 0.006053268765133172,
            "auprc": 0.005445475150673255,
            "epr": 0.0
        },
        "class_self_duren_full": {
            "precision": 0.006052047609441194,
            "recall": 1.0,
            "rand_precision": 0.006053268765133172,
            "auprc": 0.01810791789309724,
            "epr": 2.8132720482619935,
            "classifier": {
                "used_heads": "1",
                "precision": 0.0,
                "random_precision": 0.004101943379732365,
                "recall": 0.0,
                "predicted_true": 1.0,
                "number_of_true": 61.0,
                "epr": 4.097222222222222
            }
        },
        "full_duren_full": {
            "precision": 0.006052047609441194,
            "recall": 1.0,
            "rand_precision": 0.006053268765133172,
            "auprc": 0.0057696451711267424,