{
    "embed_lung": {
        "scib": {
            "Isolated labels": 0.4128151535987854,
            "KMeans NMI": 0.21314489327215647,
            "KMeans ARI": 0.09134697336298704,
            "Silhouette label": 0.2859308570623398,
            "cLISI": 0.9007166475057602,
            "Silhouette batch": 0.5149279236793518,
            "iLISI": 0.10873490969340006,
            "KBET": 0.2834411028944342,
            "Graph connectivity": 0.3699868394989194,
            "PCR comparison": 0,
            "Batch correction": 0.2554181551532211,
            "Bio conservation": 0.3807909049604058,
            "Total": 0.33064180503753193
        },
        "classif": {
            "cell_type_ontology_term_id": {
                "accuracy": 0.25382158692753715,
                "macro": 0.1689084510417128,
                "micro": 0.25382158692753715,
                "weighted": 0.20839192950069782
            },
            "organism_ontology_term_id": {
                "accuracy": 1.0,
                "macro": 1.0,
                "micro": 1.0,
                "weighted": 1.0
            }
        }
    }
}{
    "embed_panc": {
        "scib": {
            "Isolated labels": 0.3766006827354431,
            "KMeans NMI": 0.036654846104862034,
            "KMeans ARI": 0.015168217828646148,
            "Silhouette label": 0.3650050610303879,
            "cLISI": 0.8792815208435059,
            "Silhouette batch": 0.6356920003890991,
            "iLISI": 0.08464184403419495,
            "KBET": 0.07053006834481292,
            "Graph connectivity": 0.22526339960045966,
            "PCR comparison": 0.03539060836254544,
            "Batch correction": 0.2103035841462224,
            "Bio conservation": 0.33454206570856904,
            "Total": 0.2848466730836304
        },
        "classif": {
            "cell_type_ontology_term_id": {
                "accuracy": 0.025271639604443903,
                "macro": 0.12005300469431265,
                "micro": 0.025271639604443903,
                "weighted": 0.006939506305063695
            },
            "assay_ontology_term_id": {
                "accuracy": 0.1377731656696374,
                "macro": 0.1802144361724721,
                "micro": 0.1377731656696374,
                "weighted": 0.11489085263526412
            },
            "organism_ontology_term_id": {
                "accuracy": 1.0,
                "macro": 1.0,
                "micro": 1.0,
                "weighted": 1.0
            }
        }
    }
}{
    "grn_sroy": {
        "class_omni_liu_full": {
            "precision": 0.03094632492010696,
            "recall": 1.0,
            "rand_precision": 0.030952717468117723,
            "auprc": 0.03197687473164492,
            "epr": 1.144777325338467
        },
        "class_self_liu_full": {
            "precision": 0.03094632492010696,
            "recall": 1.0,
            "rand_precision": 0.030952717468117723,
            "auprc": 0.015591709970756339,
            "epr": 1.0227206797377573,
            "classifier": {
                "used_heads": "9",
                "precision": 0.02034200678792098,
                "random_precision": 0.020348268440618274,
                "recall": 0.9989316239316239,
                "predicted_true": 45964.0,
                "number_of_true": 936.0,
                "epr": 0.6735537820639983
            }
        },
        "full_liu_full": {
            "precision": 0.03094632492010696,
            "recall": 1.0,
            "rand_precision": 0.030952717468117723,
            "auprc": 0.029834916362174595,
            "epr": 1.0957419270954114
        },
        "class_omni_liu_chip": {
            "precision": 0.2787394155307724,
            "recall": 1.0,
            "rand_precision": 0.27879699442263994,
            "auprc": 0.2659932311255549,
            "epr": 0.6992489474346887
        },
        "class_self_liu_chip": {
            "precision": 0.2787394155307724,
            "recall": 1.0,
            "rand_precision": 0.27879699442263994,
            "auprc": 0.34123707652434254,
            "epr": 1.0248401234460744,
            "classifier": {
                "used_heads": "11",
                "precision": 0.2838737994423216,
                "random_precision": 0.28384448574969023,
                "recall": 1.0,
                "predicted_true": 77464.0,
                "number_of_true": 21990.0,
                "epr": 0.7962190334136032
            }
        },
        "full_liu_chip": {
            "precision": 0.2787394155307724,
            "recall": 1.0,
            "rand_precision": 0.27879699442263994,
            "auprc": 0.26698375267870017,
            "epr": 0.8913446333594599
        },
        "class_omni_liu_ko": {
            "precision": 0.05674777514926214,
            "recall": 1.0,
            "rand_precision": 0.05675949747422584,
            "auprc": 0.06208369252975385,
            "epr": 1.2117748221764382
        },
        "class_self_liu_ko": {
            "precision": 0.05674777514926214,
            "recall": 1.0,
            "rand_precision": 0.05675949747422584,
            "auprc": 0.06916481121757051,
            "epr": 1.4216827107740404,
            "classifier": {
                "used_heads": "15",
                "precision": 0.058767185034933514,
                "random_precision": 0.058753582917151694,
                "recall": 0.999893481039625,
                "predicted_true": 159732.0,
                "number_of_true": 9388.0,
                "epr": 1.5565681560087155
            }
        },
        "full_liu_ko": {
            "precision": 0.05674777514926214,
            "recall": 1.0,
            "rand_precision": 0.05675949747422584,
            "auprc": 0.0559058095637289,
            "epr": 0.9594114141875822
        },
        "class_omni_chen_full": {
            "precision": 0.017410924132744195,
            "recall": 1.0,
            "rand_precision": 0.01741452589611464,
            "auprc": 0.017497354719466566,
            "epr": 1.185777895554483
        },
        "class_self_chen_full": {
            "precision": 0.017410924132744195,
            "recall": 1.0,
            "rand_precision": 0.01741452589611464,
            "auprc": 0.03597878466953174,
            "epr": 1.850810766471665,
            "classifier": {
                "used_heads": "7",
                "precision": 0.002143985556307831,
                "random_precision": 0.00214342120106795,
                "recall": 1.0,
                "predicted_true": 26586.0,
                "number_of_true": 57.0,
                "epr": 8.443877551020408
            }
        },
        "full_chen_full": {
            "precision": 0.017410924132744195,
            "recall": 1.0,
            "rand_precision": 0.01741452589611464,
            "auprc": 0.016930376315451783,
            "epr": 1.850810766471665
        },
        "class_omni_duren_full": {
            "precision": 0.006052047609441194,
            "recall": 1.0,
            "rand_precision": 0.006053268765133172,
            "auprc": 0.005423107283290548,
            "epr": 0.0
        },
        "class_self_duren_full": {
            "precision": 0.006052047609441194,
            "recall": 1.0,
            "rand_precision": 0.006053268765133172,
            "auprc": 0.003026023804720597,
            "epr": 1.8544375710137608,
            "classifier": {
                "used_heads": "0",
                "precision": NaN,
                "random_precision": 0.004101943379732365,
                "recall": 0.0,
                "predicted_true": 0.0,
                "number_of_true": 61.0,
                "epr": 0.0
            }
        },
        "full_duren_full": {
            "precision": 0.006052047609441194,
            "recall": 1.0,
            "rand_precision": 0.006053268765133172,
            "auprc": 0.005236471005467356,
            "epr": 0.0
        },
        "class_omni_semrau_full": {
            "precision": 0.011162801851274549,