{
    "embed_lung": {
        "scib": {
            "Isolated labels": 0.5229548811912537,
            "KMeans NMI": 0.22995649053628997,
            "KMeans ARI": 0.09775137342367149,
            "Silhouette label": 0.28912363946437836,
            "cLISI": 0.9055432975292206,
            "Silhouette batch": 0.546840488910675,
            "iLISI": 0.10764260292053222,
            "KBET": 0.3058232688937359,
            "Graph connectivity": 0.4043885027806922,
            "PCR comparison": 0,
            "Batch correction": 0.27293897270112705,
            "Bio conservation": 0.40906593642896283,
            "Total": 0.3546151509378285
        },
        "classif": {
            "cell_type_ontology_term_id": {
                "accuracy": 0.17667669219559085,
                "macro": 0.1724334613403147,
                "micro": 0.17667669219559085,
                "weighted": 0.12014035960103644
            },
            "organism_ontology_term_id": {
                "accuracy": 1.0,
                "macro": 1.0,
                "micro": 1.0,
                "weighted": 1.0
            }
        }
    }
}{
    "embed_panc": {
        "scib": {
            "Isolated labels": 0.4402981400489807,
            "KMeans NMI": 0.04972256882073282,
            "KMeans ARI": 0.022328705457224884,
            "Silhouette label": 0.35496172308921814,
            "cLISI": 0.8812671808096079,
            "Silhouette batch": 0.5984665155410767,
            "iLISI": 0.07399174571037292,
            "KBET": 0.06852189690908109,
            "Graph connectivity": 0.257478885197812,
            "PCR comparison": 0.1128046501185374,
            "Batch correction": 0.222252738695376,
            "Bio conservation": 0.34971566364515294,
            "Total": 0.2987304936652422
        },
        "classif": {
            "cell_type_ontology_term_id": {
                "accuracy": 0.038456842876327675,
                "macro": 0.17654559245500523,
                "micro": 0.038456842876327675,
                "weighted": 0.012718758756299499
            },
            "assay_ontology_term_id": {
                "accuracy": 0.12306189720424857,
                "macro": 0.1579141783466452,
                "micro": 0.12306189720424857,
                "weighted": 0.09547474888219426
            },
            "organism_ontology_term_id": {
                "accuracy": 1.0,
                "macro": 1.0,
                "micro": 1.0,
                "weighted": 1.0
            }
        }
    }
}{
    "grn_sroy": {
        "class_omni_liu_full": {
            "precision": 0.03094632492010696,
            "recall": 1.0,
            "rand_precision": 0.030952717468117723,
            "auprc": 0.03257454863250697,
            "epr": 1.2188669335522937
        },
        "class_self_liu_full": {
            "precision": 0.03094632492010696,
            "recall": 1.0,
            "rand_precision": 0.030952717468117723,
            "auprc": 0.04772304497887568,
            "epr": 1.0227206797377573,
            "classifier": {
                "used_heads": "7",
                "precision": 0.020363319917328402,
                "random_precision": 0.020348268440618274,
                "recall": 1.0,
                "predicted_true": 45965.0,
                "number_of_true": 936.0,
                "epr": 0.5674425127830534
            }
        },
        "full_liu_full": {
            "precision": 0.03094632492010696,
            "recall": 1.0,
            "rand_precision": 0.030952717468117723,
            "auprc": 0.030099961750244406,
            "epr": 1.132491752636296
        },
        "class_omni_liu_chip": {
            "precision": 0.2787394155307724,
            "recall": 1.0,
            "rand_precision": 0.27879699442263994,
            "auprc": 0.2540303771813493,
            "epr": 0.7058390643141198
        },
        "class_self_liu_chip": {
            "precision": 0.2787394155307724,
            "recall": 1.0,
            "rand_precision": 0.27879699442263994,
            "auprc": 0.33770920611885147,
            "epr": 0.8096807034311287,
            "classifier": {
                "used_heads": "10",
                "precision": 0.2838533934081256,
                "random_precision": 0.28384448574969023,
                "recall": 0.9998635743519781,
                "predicted_true": 77459.0,
                "number_of_true": 21990.0,
                "epr": 0.6476837679018886
            }
        },
        "full_liu_chip": {
            "precision": 0.2787394155307724,
            "recall": 1.0,
            "rand_precision": 0.27879699442263994,
            "auprc": 0.26674486345280357,
            "epr": 0.873694922337283
        },
        "class_omni_liu_ko": {
            "precision": 0.05674777514926214,
            "recall": 1.0,
            "rand_precision": 0.05675949747422584,
            "auprc": 0.06521896737373309,
            "epr": 1.3167812526908191
        },
        "class_self_liu_ko": {
            "precision": 0.05674777514926214,
            "recall": 1.0,
            "rand_precision": 0.05675949747422584,
            "auprc": 0.06733940463375444,
            "epr": 1.455144298161627,
            "classifier": {
                "used_heads": "16",
                "precision": 0.05880694102385742,
                "random_precision": 0.058753582917151694,
                "recall": 0.9995739241585002,
                "predicted_true": 159573.0,
                "number_of_true": 9388.0,
                "epr": 1.5130534614181035
            }
        },
        "full_liu_ko": {
            "precision": 0.05674777514926214,
            "recall": 1.0,
            "rand_precision": 0.05675949747422584,
            "auprc": 0.05627623815463276,
            "epr": 0.9626599158008249
        },
        "class_omni_chen_full": {
            "precision": 0.017410924132744195,
            "recall": 1.0,
            "rand_precision": 0.01741452589611464,
            "auprc": 0.017775486598621052,
            "epr": 1.4482731978675731
        },
        "class_self_chen_full": {
            "precision": 0.017410924132744195,
            "recall": 1.0,
            "rand_precision": 0.01741452589611464,
            "auprc": 0.046581625198512576,
            "epr": 1.9873824162791422,
            "classifier": {
                "used_heads": "9",
                "precision": 0.002143824281630811,
                "random_precision": 0.00214342120106795,
                "recall": 1.0,
                "predicted_true": 26588.0,
                "number_of_true": 57.0,
                "epr": 0.0
            }
        },
        "full_chen_full": {
            "precision": 0.017410924132744195,
            "recall": 1.0,
            "rand_precision": 0.01741452589611464,
            "auprc": 0.01704899214173179,
            "epr": 1.9189453125
        },
        "class_omni_duren_full": {
            "precision": 0.006052047609441194,
            "recall": 1.0,
            "rand_precision": 0.006053268765133172,
            "auprc": 0.004443279630241754,
            "epr": 0.0
        },
        "class_self_duren_full": {
            "precision": 0.006052047609441194,
            "recall": 1.0,
            "rand_precision": 0.006053268765133172,
            "auprc": 0.003026023804720597,
            "epr": 1.8544375710137608,
            "classifier": {
                "used_heads": "0",
                "precision": NaN,
                "random_precision": 0.004101943379732365,
                "recall": 0.0,
                "predicted_true": 0.0,
                "number_of_true": 61.0,
                "epr": 0.0
            }
        },
        "full_duren_full": {
            "precision": 0.006052047609441194,
            "recall": 1.0,
            "rand_precision": 0.006053268765133172,
            "auprc": 0.005173299651224679,
            "epr": 0.0
        },
        "class_omni_semrau_full": {
            "precision": 0.011162801851274549,