{
    "embed_lung": {
        "scib": {
            "Isolated labels": 0.5420859456062317,
            "KMeans NMI": 0.18335997550467992,
            "KMeans ARI": 0.06401450044703622,
            "Silhouette label": 0.35340313613414764,
            "cLISI": 0.8925095498561859,
            "Silhouette batch": 0.8343546390533447,
            "iLISI": 0.11035866737365722,
            "KBET": 0.3029045785334258,
            "Graph connectivity": 0.4180722592067902,
            "PCR comparison": 0,
            "Batch correction": 0.33313802883344357,
            "Bio conservation": 0.40707462150965623,
            "Total": 0.37749998443917115
        },
        "classif": {
            "cell_type_ontology_term_id": {
                "accuracy": 0.04713032154041735,
                "macro": 0.07374381063518498,
                "micro": 0.04713032154041735,
                "weighted": 0.023029898928785195
            },
            "organism_ontology_term_id": {
                "accuracy": 1.0,
                "macro": 1.0,
                "micro": 1.0,
                "weighted": 1.0
            }
        }
    }
}{
    "embed_lung": {
        "scib": {
            "Isolated labels": 0.5363960266113281,
            "KMeans NMI": 0.4342215271622299,
            "KMeans ARI": 0.216689107521324,
            "Silhouette label": 0.46536046266555786,
            "cLISI": 0.9727474078536034,
            "Silhouette batch": 0.9060435891151428,
            "iLISI": 0.06728005409240723,
            "KBET": 0.33213388957485357,
            "Graph connectivity": 0.7335722659381942,
            "PCR comparison": 0,
            "Batch correction": 0.4078059597441196,
            "Bio conservation": 0.5250829063628086,
            "Total": 0.478172127715333
        },
        "classif": {
            "cell_type_ontology_term_id": {
                "accuracy": 0.27853399894576913,
                "macro": 0.2069293996400174,
                "micro": 0.27853399894576913,
                "weighted": 0.22917839815528718
            },
            "organism_ontology_term_id": {
                "accuracy": 1.0,
                "macro": 1.0,
                "micro": 1.0,
                "weighted": 1.0
            }
        }
    }
}{
    "embed_lung": {
        "scib": {
            "Isolated labels": 0.5711312890052795,
            "KMeans NMI": 0.24957040677220538,
            "KMeans ARI": 0.1049866608502864,
            "Silhouette label": 0.38359319418668747,
            "cLISI": 0.9356855750083923,
            "Silhouette batch": 0.868779182434082,
            "iLISI": 0.0892298698425293,
            "KBET": 0.27729598935144983,
            "Graph connectivity": 0.5352109675939816,
            "PCR comparison": 0,
            "Batch correction": 0.3541032018444086,
            "Bio conservation": 0.44899342516457025,
            "Total": 0.4110373358365056
        },
        "classif": {
            "cell_type_ontology_term_id": {
                "accuracy": 0.11007410622926421,
                "macro": 0.1132558292357192,
                "micro": 0.11007410622926421,
                "weighted": 0.08932353505860373
            },
            "organism_ontology_term_id": {
                "accuracy": 1.0,
                "macro": 1.0,
                "micro": 1.0,
                "weighted": 1.0
            }
        }
    }
}{
    "embed_lung": {
        "scib": {
            "Isolated labels": 0.5681594610214233,
            "KMeans NMI": 0.2101763949145376,
            "KMeans ARI": 0.08287330829959001,
            "Silhouette label": 0.41937868297100067,
            "cLISI": 0.9051776975393295,
            "Silhouette batch": 0.8784168362617493,
            "iLISI": 0.1099488894144694,
            "KBET": 0.31217870963739636,
            "Graph connectivity": 0.4137709445076301,
            "PCR comparison": 0,
            "Batch correction": 0.342863075964249,
            "Bio conservation": 0.43715310894917625,
            "Total": 0.3994370957552053
        },
        "classif": {
            "cell_type_ontology_term_id": {
                "accuracy": 0.0652692939753806,
                "macro": 0.10644212522936694,
                "micro": 0.0652692939753806,
                "weighted": 0.028029965467689617
            },
            "organism_ontology_term_id": {
                "accuracy": 1.0,
                "macro": 1.0,
                "micro": 1.0,
                "weighted": 1.0
            }
        }
    }
}{
    "embed_lung": {
        "scib": {
            "Isolated labels": 0.5520875453948975,
            "KMeans NMI": 0.28551244493764977,
            "KMeans ARI": 0.12167590600728465,
            "Silhouette label": 0.420911006629467,
            "cLISI": 0.9343757927417755,
            "Silhouette batch": 0.8396260142326355,
            "iLISI": 0.08986593882242838,
            "KBET": 0.27610463173291117,
            "Graph connectivity": 0.6180381731334696,
            "PCR comparison": 0,
            "Batch correction": 0.3647269515842889,
            "Bio conservation": 0.4629125391422149,
            "Total": 0.4236383041190445
        },
        "classif": {
            "cell_type_ontology_term_id": {
                "accuracy": 0.16182443955226194,
                "macro": 0.17742896750913245,
                "micro": 0.16182443955226194,
                "weighted": 0.10453480762522212
            },
            "organism_ontology_term_id": {
                "accuracy": 1.0,
                "macro": 1.0,
                "micro": 1.0,
                "weighted": 1.0
            }
        }
    }
}{
    "embed_lung": {
        "scib": {
            "Isolated labels": 0.561229407787323,
            "KMeans NMI": 0.45667107563015985,
            "KMeans ARI": 0.2351936399050997,
            "Silhouette label": 0.45540427044034004,
            "cLISI": 0.9854826927185059,
            "Silhouette batch": 0.9016305804252625,
            "iLISI": 0.04625726540883382,
            "KBET": 0.3071588751348602,
            "Graph connectivity": 0.6203976451720843,
            "PCR comparison": 0,
            "Batch correction": 0.37508887322820816,
            "Bio conservation": 0.5387962172962857,
            "Total": 0.4733132796690547
        },
        "classif": {
            "cell_type_ontology_term_id": {
                "accuracy": 0.29289014294130417,
                "macro": 0.21412102700938818,
                "micro": 0.29289014294130417,
                "weighted": 0.24058965243280572
            },
            "organism_ontology_term_id": {
                "accuracy": 1.0,
                "macro": 1.0,
                "micro": 1.0,
                "weighted": 1.0
            }
        }
    }
}