{
    "embed_lung": {
        "scib": {
            "Isolated labels": 0.5420859456062317,
            "KMeans NMI": 0.18335997550467992,
            "KMeans ARI": 0.06401450044703622,
            "Silhouette label": 0.35340313613414764,
            "cLISI": 0.8925095498561859,
            "Silhouette batch": 0.8343546390533447,
            "iLISI": 0.11035866737365722,
            "KBET": 0.3029045785334258,
            "Graph connectivity": 0.4180722592067902,
            "PCR comparison": 0,
            "Batch correction": 0.33313802883344357,
            "Bio conservation": 0.40707462150965623,
            "Total": 0.37749998443917115
        },
        "classif": {
            "cell_type_ontology_term_id": {
                "accuracy": 0.04713032154041735,
                "macro": 0.07374381063518498,
                "micro": 0.04713032154041735,
                "weighted": 0.023029898928785195
            },
            "organism_ontology_term_id": {
                "accuracy": 1.0,
                "macro": 1.0,
                "micro": 1.0,
                "weighted": 1.0
            }
        }
    }
}{
    "embed_lung": {
        "scib": {
            "Isolated labels": 0.5363960266113281,
            "KMeans NMI": 0.4342215271622299,
            "KMeans ARI": 0.216689107521324,
            "Silhouette label": 0.46536046266555786,
            "cLISI": 0.9727474078536034,
            "Silhouette batch": 0.9060435891151428,
            "iLISI": 0.06728005409240723,
            "KBET": 0.33213388957485357,
            "Graph connectivity": 0.7335722659381942,
            "PCR comparison": 0,
            "Batch correction": 0.4078059597441196,
            "Bio conservation": 0.5250829063628086,
            "Total": 0.478172127715333
        },
        "classif": {
            "cell_type_ontology_term_id": {
                "accuracy": 0.27853399894576913,
                "macro": 0.2069293996400174,
                "micro": 0.27853399894576913,
                "weighted": 0.22917839815528718
            },
            "organism_ontology_term_id": {
                "accuracy": 1.0,
                "macro": 1.0,
                "micro": 1.0,
                "weighted": 1.0
            }
        }
    }
}{
    "embed_lung": {
        "scib": {
            "Isolated labels": 0.5711312890052795,
            "KMeans NMI": 0.24957040677220538,
            "KMeans ARI": 0.1049866608502864,
            "Silhouette label": 0.38359319418668747,
            "cLISI": 0.9356855750083923,
            "Silhouette batch": 0.868779182434082,
            "iLISI": 0.0892298698425293,
            "KBET": 0.27729598935144983,
            "Graph connectivity": 0.5352109675939816,
            "PCR comparison": 0,
            "Batch correction": 0.3541032018444086,
            "Bio conservation": 0.44899342516457025,
            "Total": 0.4110373358365056
        },
        "classif": {
            "cell_type_ontology_term_id": {
                "accuracy": 0.11007410622926421,
                "macro": 0.1132558292357192,
                "micro": 0.11007410622926421,
                "weighted": 0.08932353505860373
            },
            "organism_ontology_term_id": {
                "accuracy": 1.0,
                "macro": 1.0,
                "micro": 1.0,
                "weighted": 1.0
            }
        }
    }
}{
    "embed_lung": {
        "scib": {
            "Isolated labels": 0.5681594610214233,
            "KMeans NMI": 0.2101763949145376,
            "KMeans ARI": 0.08287330829959001,
            "Silhouette label": 0.41937868297100067,
            "cLISI": 0.9051776975393295,
            "Silhouette batch": 0.8784168362617493,
            "iLISI": 0.1099488894144694,
            "KBET": 0.31217870963739636,
            "Graph connectivity": 0.4137709445076301,
            "PCR comparison": 0,
            "Batch correction": 0.342863075964249,
            "Bio conservation": 0.43715310894917625,
            "Total": 0.3994370957552053
        },
        "classif": {
            "cell_type_ontology_term_id": {
                "accuracy": 0.0652692939753806,
                "macro": 0.10644212522936694,
                "micro": 0.0652692939753806,
                "weighted": 0.028029965467689617
            },
            "organism_ontology_term_id": {
                "accuracy": 1.0,
                "macro": 1.0,
                "micro": 1.0,
                "weighted": 1.0
            }
        }
    }
}