{
    "embed_lung": {
        "scib": {
            "Isolated labels": 0.5755168199539185,
            "KMeans NMI": 0.5155447547741371,
            "KMeans ARI": 0.2773897873724247,
            "Silhouette label": 0.4883306408300996,
            "cLISI": 0.9829523414373398,
            "Silhouette batch": 0.9188356995582581,
            "iLISI": 0.055603623390197754,
            "KBET": 0.2947834550294723,
            "Graph connectivity": 0.7979147727426819,
            "PCR comparison": 0,
            "Batch correction": 0.41342751014412205,
            "Bio conservation": 0.567946868873584,
            "Total": 0.5061391253817993
        },
        "classif": {
            "cell_type_ontology_term_id": {
                "accuracy": 0.4351492976961955,
                "macro": 0.4100317150920153,
                "micro": 0.4351492976961955,
                "weighted": 0.3696768478227207
            },
            "organism_ontology_term_id": {
                "accuracy": 1.0,
                "macro": 1.0,
                "micro": 1.0,
                "weighted": 1.0
            }
        }
    }
}