{
    "embed_lung": {
        "scib": {
            "Isolated labels": 0.6119893789291382,
            "KMeans NMI": 0.6071679619372156,
            "KMeans ARI": 0.39441287974410844,
            "Silhouette label": 0.523147776722908,
            "cLISI": 0.9906961545348167,
            "Silhouette batch": 0.8781546950340271,
            "iLISI": 0.06939802169799805,
            "KBET": 0.31690110446866404,
            "Graph connectivity": 0.8965017921376844,
            "PCR comparison": 0,
            "Batch correction": 0.4321911226676748,
            "Bio conservation": 0.6254828303736375,
            "Total": 0.5481661472912525
        },
        "classif": {
            "cell_type_ontology_term_id": {
                "accuracy": 0.4861554680475024,
                "macro": 0.5230815591443184,
                "micro": 0.4861554680475024,
                "weighted": 0.39823612728438823
            },
            "organism_ontology_term_id": {
                "accuracy": 1.0,
                "macro": 1.0,
                "micro": 1.0,
                "weighted": 1.0
            }
        }
    }
}{
    "embed_lung": {
        "scib": {
            "Isolated labels": 0.6119893789291382,
            "KMeans NMI": 0.6071679619372156,
            "KMeans ARI": 0.39441287974410844,
            "Silhouette label": 0.523147776722908,
            "cLISI": 0.9906961545348167,
            "Silhouette batch": 0.8781546950340271,
            "iLISI": 0.06939802169799805,
            "KBET": 0.31690110446866404,
            "Graph connectivity": 0.8965017921376844,
            "PCR comparison": 0,
            "Batch correction": 0.4321911226676748,
            "Bio conservation": 0.6254828303736375,
            "Total": 0.5481661472912525
        },
        "classif": {
            "cell_type_ontology_term_id": {
                "accuracy": 0.4861554680475024,
                "macro": 0.5230815591443184,
                "micro": 0.4861554680475024,
                "weighted": 0.39823612728438823
            },
            "organism_ontology_term_id": {
                "accuracy": 1.0,
                "macro": 1.0,
                "micro": 1.0,
                "weighted": 1.0
            }
        }
    }
}