{
    "embed_lung": {
        "scib": {
            "Isolated labels": 0.7259546518325806,
            "KMeans NMI": 0.6499943589429148,
            "KMeans ARI": 0.4399391716983079,
            "Silhouette label": 0.5606988593935966,
            "cLISI": 0.9980516657233238,
            "Silhouette batch": 0.8461661338806152,
            "iLISI": 0.06753695805867513,
            "KBET": 0.30611505727570565,
            "Graph connectivity": 0.9216299302532106,
            "PCR comparison": 0,
            "Batch correction": 0.42828961589364134,
            "Bio conservation": 0.6749277415181447,
            "Total": 0.5762724912683435
        },
        "classif": {
            "cell_type_ontology_term_id": {
                "accuracy": 0.6655607578059595,
                "macro": 0.6234655489057471,
                "micro": 0.6655607578059595,
                "weighted": 0.5954333109925444
            },
            "organism_ontology_term_id": {
                "accuracy": 1.0,
                "macro": 1.0,
                "micro": 1.0,
                "weighted": 1.0
            }
        }
    }
}{
    "embed_panc": {
        "scib": {
            "Isolated labels": 0.7220009565353394,
            "KMeans NMI": 0.38960289698529793,
            "KMeans ARI": 0.18678356686463712,
            "Silhouette label": 0.5255057401955128,
            "cLISI": 0.994180807700524,
            "Silhouette batch": 0.8472309708595276,
            "iLISI": 0.06100434064865112,
            "KBET": 0.20937090470432962,
            "Graph connectivity": 0.7973016193328907,
            "PCR comparison": 0.03088755797887946,
            "Batch correction": 0.38915907870485567,
            "Bio conservation": 0.5636147936562622,
            "Total": 0.4938325076756996
        },
        "classif": {
            "cell_type_ontology_term_id": {
                "accuracy": 0.5391283115614699,
                "macro": 0.583501848618814,
                "micro": 0.5391283115614699,
                "weighted": 0.4206973279132674
            },
            "assay_ontology_term_id": {
                "accuracy": 0.4075814918813332,
                "macro": 0.35537390382452405,
                "micro": 0.4075814918813332,
                "weighted": 0.28648118997317745
            },
            "organism_ontology_term_id": {
                "accuracy": 0.999694786961299,
                "macro": 0.4999236850941726,
                "micro": 0.999694786961299,
                "weighted": 0.9995422037342528
            }
        }
    }
}{
    "denoise": {
        "reco2noisy": 0.578407044699896,
        "reco2full": 0.5846588186247482,
        "noisy2full": 0.34650581849114614
    }
}{
    "grn_gwps": {
        "mean": {
            "precision": 0.02072508763433421,
            "recall": 1.0,
            "rand_precision": 0.02072944989230818,
            "auprc": 0.039157890023995626,
            "ap": 0.03921883257361041,
            "epr": 3.8107765408966214
        },
        "mean_base": {
            "TF_enr": true,
            "enriched_terms_Targets": [
                "celltype.gmt__Erythroid-like and erythroid precursor cells",
                "celltype.gmt__Microfold cells",
                "celltype.gmt__Microglial cells"
            ],
            "significant_enriched_TFtargets": 12.068965517241379,
            "precision": 0.001612544216131459,
            "recall": 1.0,
            "rand_precision": 0.0016130305081146108,
            "auprc": 0.0022591186092929105,
            "ap": 0.0022695157895813575,
            "epr": 3.6651812019068757
        },
        "omni": {
            "precision": 0.02072508763433421,
            "recall": 1.0,
            "rand_precision": 0.02072944989230818,
            "auprc": 0.03871637870354483,
            "ap": 0.03882084592526139,
            "epr": 3.99676733964773
        },
        "omni_classifier": {
            "used_heads": "13",
            "precision": 0.001610562441384053,
            "random_precision": 0.001610562441384053,
            "recall": 1.0,
            "predicted_true": 1067329.0,
            "number_of_true": 1719.0
        },
        "omni_base": {
            "TF_enr": false,
            "enriched_terms_Targets": [
                "celltype.gmt__Hepatocytes",
                "celltype.gmt__Erythroid-like and erythroid precursor cells"
            ],
            "significant_enriched_TFtargets": 13.793103448275861,
            "precision": 0.001612544216131459,
            "recall": 1.0,
            "rand_precision": 0.0016130305081146108,
            "auprc": 0.0023338656560891896,
            "ap": 0.0023533490963127597,
            "epr": 4.236744494058194
        },
        "self": {
            "precision": 0.02072508763433421,
            "recall": 1.0,
            "rand_precision": 0.02072944989230818,
            "auprc": 0.041050895953804366,
            "ap": 0.0411369545983904,
            "epr": 4.097887411896282
        },
        "self_classifier": {
            "used_heads": "23",
            "precision": 0.02150860776716941,
            "random_precision": 0.02150860776716941,
            "recall": 1.0,
            "predicted_true": "6937920",
            "number_of_true": "149225"
        },
        "self_base": {
            "TF_enr": true,
            "enriched_terms_Targets": [
                "celltype.gmt__Hepatocytes",
                "celltype.gmt__Retinal pigment epithelial cells",
                "celltype.gmt__Erythroid-like and erythroid precursor cells"
            ],
            "significant_enriched_TFtargets": 10.344827586206897,
            "precision": 0.001612544216131459,
            "recall": 1.0,
            "rand_precision": 0.0016130305081146108,
            "auprc": 0.002313545160733465,
            "ap": 0.002327756361210428,
            "epr": 3.914985455095485
        }
    }
}{
    "grn_sroy": {
        "mean_han_full": {
            "precision": 0.027385657820440428,
            "recall": 1.0,
            "rand_precision": 0.027391145928220076,
            "auprc": 0.038789701839025637,
            "ap": 0.039336362599712515,
            "epr": 1.4957007206798412
        },
        "mean_han_full_base": {
            "TF_enr": false,
            "enriched_terms_Targets": [
                "celltype.gmt__Adipose progenitor cells",
                "celltype.gmt__Fibroblasts",
                "celltype.gmt__Hepatic stellate cells",
                "celltype.gmt__Smooth Muscle cells",
                "celltype.gmt__Perivascular cells",
                "celltype.gmt__Endometrium",
                "celltype.gmt__Neuronal cells",
                "celltype.gmt__Myocytes",
                "celltype.gmt__Lymphatic Endothelial cells",
                "celltype.gmt__Myofibroblasts",
                "celltype.gmt__Smooth muscle cells"
            ],
            "significant_enriched_TFtargets": 3.7735849056603774,
            "precision": 0.0015192708632795007,
            "recall": 1.0,
            "rand_precision": 0.0015196752473261548,
            "auprc": 0.002156066532464583,
            "ap": 0.0021552597211579273,
            "epr": 2.4023642226564976
        },
        "omni_classifier": {
            "used_heads": "7",
            "precision": 0.001511764501786856,
            "random_precision": 0.001511764501786856,
            "recall": 1.0,
            "predicted_true": 1412257.0,
            "number_of_true": 2135.0
        },
        "omni_han_full_base": {
            "enriched_terms_Regulators": [
                "celltype.gmt__Merkel cells"
            ],
            "TF_enr": false,