{
    "embed_lung": {
        "scib": {
            "Isolated labels": 0.5247966051101685,
            "KMeans NMI": 0.6068371017764258,
            "KMeans ARI": 0.42740990808289453,
            "Silhouette label": 0.5268527418375015,
            "cLISI": 0.9903537705540657,
            "Silhouette batch": 0.8797211647033691,
            "iLISI": 0.06777547200520834,
            "KBET": 0.30143967570509284,
            "Graph connectivity": 0.8938208214491082,
            "PCR comparison": 0,
            "Batch correction": 0.42855142677255575,
            "Bio conservation": 0.6152500254722112,
            "Total": 0.540570585992349
        },
        "classif": {
            "cell_type_ontology_term_id": {
                "accuracy": 0.45245108678800655,
                "macro": 0.49877496563881196,
                "micro": 0.45245108678800655,
                "weighted": 0.3624230982204583
            },
            "organism_ontology_term_id": {
                "accuracy": 1.0,
                "macro": 1.0,
                "micro": 1.0,
                "weighted": 1.0
            }
        }
    }
}